year,sexe,age,esperance
1946,femmes,0,65.2
1947,femmes,0,66.7
1948,femmes,0,68.8
1949,femmes,0,67.6
1950,femmes,0,69.2
1951,femmes,0,68.9
1952,femmes,0,70.2
1953,femmes,0,70.3
1954,femmes,0,71.2
1955,femmes,0,71.5
1956,femmes,0,71.7
1957,femmes,0,72.2
1958,femmes,0,73.2
1959,femmes,0,73.4
1960,femmes,0,73.6
1961,femmes,0,74.4
1962,femmes,0,73.9
1963,femmes,0,73.8
1964,femmes,0,74.8
1965,femmes,0,74.7
1966,femmes,0,75.2
1967,femmes,0,75.2
1968,femmes,0,75.2
1969,femmes,0,75.1
1970,femmes,0,75.9
1971,femmes,0,75.9
1972,femmes,0,76.2
1973,femmes,0,76.3
1974,femmes,0,76.7
1975,femmes,0,76.9
1976,femmes,0,77.2
1977,femmes,0,77.8
1978,femmes,0,77.9
1979,femmes,0,78.3
1980,femmes,0,78.4
1981,femmes,0,78.5
1982,femmes,0,78.9
1983,femmes,0,78.8
1984,femmes,0,79.3
1985,femmes,0,79.4
1986,femmes,0,79.7
1987,femmes,0,80.3
1988,femmes,0,80.5
1989,femmes,0,80.6
1990,femmes,0,81.0
1991,femmes,0,81.2
1992,femmes,0,81.5
1993,femmes,0,81.5
1994,femmes,0,81.9
1995,femmes,0,81.9
1996,femmes,0,82.1
1997,femmes,0,82.3
1998,femmes,0,82.4
1999,femmes,0,82.5
2000,femmes,0,82.8
2001,femmes,0,82.9
2002,femmes,0,83.1
2003,femmes,0,83.0
2004,femmes,0,83.9
2005,femmes,0,83.9
2006,femmes,0,84.2
2007,femmes,0,84.4
2008,femmes,0,84.4
2009,femmes,0,84.5
2010,femmes,0,84.7
2011,femmes,0,85.0
2012,femmes,0,84.8
2013,femmes,0,85.0
2014,femmes,0,85.4
2015,femmes,0,85.1
2016,femmes,0,85.3
2017,femmes,0,85.3
2018,femmes,0,85.5
2019,femmes,0,85.6
2020,femmes,0,85.2
2021,femmes,0,85.3
2022,femmes,0,85.2
2023,femmes,0,85.7
2024,femmes,0,85.8
2025,femmes,0,85.9
1946,femmes,1,68.9
1947,femmes,1,70.0
1948,femmes,1,71.2
1949,femmes,1,70.2
1950,femmes,1,71.4
1951,femmes,1,71.0
1952,femmes,1,72.1
1953,femmes,1,71.8
1954,femmes,1,72.8
1955,femmes,1,73.0
1956,femmes,1,72.9
1957,femmes,1,73.4
1958,femmes,1,74.3
1959,femmes,1,74.3
1960,femmes,1,74.4
1961,femmes,1,75.1
1962,femmes,1,74.6
1963,femmes,1,74.3
1964,femmes,1,75.2
1965,femmes,1,75.0
1966,femmes,1,75.5
1967,femmes,1,75.4
1968,femmes,1,75.5
1969,femmes,1,75.4
1970,femmes,1,76.1
1971,femmes,1,76.1
1972,femmes,1,76.3
1973,femmes,1,76.4
1974,femmes,1,76.7
1975,femmes,1,76.8
1976,femmes,1,77.1
1977,femmes,1,77.6
1978,femmes,1,77.7
1979,femmes,1,78.0
1980,femmes,1,78.1
1981,femmes,1,78.1
1982,femmes,1,78.5
1983,femmes,1,78.4
1984,femmes,1,78.9
1985,femmes,1,79.0
1986,femmes,1,79.3
1987,femmes,1,79.8
1988,femmes,1,80.0
1989,femmes,1,80.2
1990,femmes,1,80.5
1991,femmes,1,80.7
1992,femmes,1,80.9
1993,femmes,1,80.9
1994,femmes,1,81.3
1995,femmes,1,81.3
1996,femmes,1,81.4
1997,femmes,1,81.7
1998,femmes,1,81.8
1999,femmes,1,81.8
2000,femmes,1,82.1
2001,femmes,1,82.3
2002,femmes,1,82.4
2003,femmes,1,82.3
2004,femmes,1,83.2
2005,femmes,1,83.1
2006,femmes,1,83.5
2007,femmes,1,83.7
2008,femmes,1,83.6
2009,femmes,1,83.7
2010,femmes,1,84.0
2011,femmes,1,84.3
2012,femmes,1,84.1
2013,femmes,1,84.3
2014,femmes,1,84.7
2015,femmes,1,84.4
2016,femmes,1,84.6
2017,femmes,1,84.6
2018,femmes,1,84.8
2019,femmes,1,84.9
2020,femmes,1,84.4
2021,femmes,1,84.6
2022,femmes,1,84.5
2023,femmes,1,85.0
2024,femmes,1,85.1
2025,femmes,1,85.2
1946,femmes,20,52.2
1947,femmes,20,52.9
1948,femmes,20,53.6
1949,femmes,20,52.7
1950,femmes,20,53.6
1951,femmes,20,53.2
1952,femmes,20,54.2
1953,femmes,20,53.8
1954,femmes,20,54.7
1955,femmes,20,54.8
1956,femmes,20,54.7
1957,femmes,20,55.2
1958,femmes,20,56.0
1959,femmes,20,56.0
1960,femmes,20,56.0
1961,femmes,20,56.7
1962,femmes,20,56.2
1963,femmes,20,56.1
1964,femmes,20,57.0
1965,femmes,20,56.7
1966,femmes,20,57.2
1967,femmes,20,57.1
1968,femmes,20,57.2
1969,femmes,20,57.0
1970,femmes,20,57.6
1971,femmes,20,57.7
1972,femmes,20,57.9
1973,femmes,20,57.9
1974,femmes,20,58.3
1975,femmes,20,58.3
1976,femmes,20,58.6
1977,femmes,20,59.1
1978,femmes,20,59.2
1979,femmes,20,59.4
1980,femmes,20,59.6
1981,femmes,20,59.6
1982,femmes,20,60.0
1983,femmes,20,59.9
1984,femmes,20,60.3
1985,femmes,20,60.4
1986,femmes,20,60.7
1987,femmes,20,61.2
1988,femmes,20,61.3
1989,femmes,20,61.5
1990,femmes,20,61.8
1991,femmes,20,62.0
1992,femmes,20,62.2
1993,femmes,20,62.2
1994,femmes,20,62.6
1995,femmes,20,62.6
1996,femmes,20,62.7
1997,femmes,20,62.9
1998,femmes,20,63.0
1999,femmes,20,63.1
2000,femmes,20,63.4
2001,femmes,20,63.5
2002,femmes,20,63.6
2003,femmes,20,63.5
2004,femmes,20,64.4
2005,femmes,20,64.3
2006,femmes,20,64.7
2007,femmes,20,64.9
2008,femmes,20,64.8
2009,femmes,20,64.9
2010,femmes,20,65.1
2011,femmes,20,65.4
2012,femmes,20,65.3
2013,femmes,20,65.5
2014,femmes,20,65.8
2015,femmes,20,65.6
2016,femmes,20,65.8
2017,femmes,20,65.8
2018,femmes,20,65.9
2019,femmes,20,66.0
2020,femmes,20,65.6
2021,femmes,20,65.7
2022,femmes,20,65.6
2023,femmes,20,66.2
2024,femmes,20,66.3
2025,femmes,20,66.4
1946,femmes,40,34.7
1947,femmes,40,35.1
1948,femmes,40,35.6
1949,femmes,40,34.5
1950,femmes,40,35.2
1951,femmes,40,34.8
1952,femmes,40,35.6
1953,femmes,40,35.1
1954,femmes,40,35.9
1955,femmes,40,36.0
1956,femmes,40,35.9
1957,femmes,40,36.3
1958,femmes,40,37.0
1959,femmes,40,37.0
1960,femmes,40,37.0
1961,femmes,40,37.6
1962,femmes,40,37.1
1963,femmes,40,37.1
1964,femmes,40,37.9
1965,femmes,40,37.7
1966,femmes,40,38.1
1967,femmes,40,38.0
1968,femmes,40,38.0
1969,femmes,40,37.8
1970,femmes,40,38.5
1971,femmes,40,38.5
1972,femmes,40,38.7
1973,femmes,40,38.8
1974,femmes,40,39.1
1975,femmes,40,39.1
1976,femmes,40,39.3
1977,femmes,40,39.9
1978,femmes,40,39.9
1979,femmes,40,40.2
1980,femmes,40,40.3
1981,femmes,40,40.4
1982,femmes,40,40.7
1983,femmes,40,40.6
1984,femmes,40,41.1
1985,femmes,40,41.1
1986,femmes,40,41.3
1987,femmes,40,41.8
1988,femmes,40,42.0
1989,femmes,40,42.2
1990,femmes,40,42.5
1991,femmes,40,42.7
1992,femmes,40,42.9
1993,femmes,40,42.9
1994,femmes,40,43.3
1995,femmes,40,43.3
1996,femmes,40,43.3
1997,femmes,40,43.5
1998,femmes,40,43.6
1999,femmes,40,43.7
2000,femmes,40,43.9
2001,femmes,40,44.1
2002,femmes,40,44.1
2003,femmes,40,44.0
2004,femmes,40,44.9
2005,femmes,40,44.8
2006,femmes,40,45.1
2007,femmes,40,45.3
2008,femmes,40,45.3
2009,femmes,40,45.4
2010,femmes,40,45.5
2011,femmes,40,45.8
2012,femmes,40,45.7
2013,femmes,40,45.9
2014,femmes,40,46.2
2015,femmes,40,45.9
2016,femmes,40,46.1
2017,femmes,40,46.1
2018,femmes,40,46.3
2019,femmes,40,46.4
2020,femmes,40,45.9
2021,femmes,40,46.1
2022,femmes,40,46.0
2023,femmes,40,46.5
2024,femmes,40,46.6
2025,femmes,40,46.7
1946,femmes,60,18.0
1947,femmes,60,18.2
1948,femmes,60,18.7
1949,femmes,60,17.7
1950,femmes,60,18.4
1951,femmes,60,17.9
1952,femmes,60,18.6
1953,femmes,60,18.1
1954,femmes,60,18.9
1955,femmes,60,18.9
1956,femmes,60,18.7
1957,femmes,60,19.0
1958,femmes,60,19.5
1959,femmes,60,19.6
1960,femmes,60,19.5
1961,femmes,60,20.1
1962,femmes,60,19.6
1963,femmes,60,19.5
1964,femmes,60,20.3
1965,femmes,60,20.1
1966,femmes,60,20.5
1967,femmes,60,20.4
1968,femmes,60,20.4
1969,femmes,60,20.2
1970,femmes,60,20.8
1971,femmes,60,20.8
1972,femmes,60,21.1
1973,femmes,60,21.0
1974,femmes,60,21.3
1975,femmes,60,21.3
1976,femmes,60,21.5
1977,femmes,60,22.0
1978,femmes,60,22.0
1979,femmes,60,22.3
1980,femmes,60,22.4
1981,femmes,60,22.3
1982,femmes,60,22.7
1983,femmes,60,22.6
1984,femmes,60,23.0
1985,femmes,60,23.0
1986,femmes,60,23.2
1987,femmes,60,23.7
1988,femmes,60,23.8
1989,femmes,60,24.0
1990,femmes,60,24.2
1991,femmes,60,24.4
1992,femmes,60,24.7
1993,femmes,60,24.6
1994,femmes,60,25.0
1995,femmes,60,24.9
1996,femmes,60,25.0
1997,femmes,60,25.2
1998,femmes,60,25.3
1999,femmes,60,25.3
2000,femmes,60,25.6
2001,femmes,60,25.7
2002,femmes,60,25.8
2003,femmes,60,25.6
2004,femmes,60,26.5
2005,femmes,60,26.4
2006,femmes,60,26.8
2007,femmes,60,26.9
2008,femmes,60,26.9
2009,femmes,60,27.0
2010,femmes,60,27.1
2011,femmes,60,27.4
2012,femmes,60,27.2
2013,femmes,60,27.4
2014,femmes,60,27.7
2015,femmes,60,27.4
2016,femmes,60,27.6
2017,femmes,60,27.6
2018,femmes,60,27.7
2019,femmes,60,27.8
2020,femmes,60,27.3
2021,femmes,60,27.4
2022,femmes,60,27.4
2023,femmes,60,27.9
2024,femmes,60,27.9
2025,femmes,60,28.0
1946,hommes,0,59.9
1947,hommes,0,61.2
1948,hommes,0,62.7
1949,hommes,0,62.2
1950,hommes,0,63.4
1951,hommes,0,63.1
1952,hommes,0,64.4
1953,hommes,0,64.3
1954,hommes,0,65.0
1955,hommes,0,65.2
1956,hommes,0,65.2
1957,hommes,0,65.5
1958,hommes,0,66.8
1959,hommes,0,66.8
1960,hommes,0,67.0
1961,hommes,0,67.5
1962,hommes,0,67.0
1963,hommes,0,66.8
1964,hommes,0,67.7
1965,hommes,0,67.5
1966,hommes,0,67.8
1967,hommes,0,67.8
1968,hommes,0,67.8
1969,hommes,0,67.4
1970,hommes,0,68.4
1971,hommes,0,68.3
1972,hommes,0,68.5
1973,hommes,0,68.7
1974,hommes,0,68.9
1975,hommes,0,69.0
1976,hommes,0,69.2
1977,hommes,0,69.7
1978,hommes,0,69.8
1979,hommes,0,70.1
1980,hommes,0,70.2
1981,hommes,0,70.4
1982,hommes,0,70.7
1983,hommes,0,70.7
1984,hommes,0,71.2
1985,hommes,0,71.3
1986,hommes,0,71.5
1987,hommes,0,72.0
1988,hommes,0,72.3
1989,hommes,0,72.5
1990,hommes,0,72.7
1991,hommes,0,72.9
1992,hommes,0,73.2
1993,hommes,0,73.3
1994,hommes,0,73.7
1995,hommes,0,73.9
1996,hommes,0,74.1
1997,hommes,0,74.6
1998,hommes,0,74.8
1999,hommes,0,75.0
2000,hommes,0,75.3
2001,hommes,0,75.5
2002,hommes,0,75.8
2003,hommes,0,75.9
2004,hommes,0,76.7
2005,hommes,0,76.8
2006,hommes,0,77.2
2007,hommes,0,77.4
2008,hommes,0,77.6
2009,hommes,0,77.8
2010,hommes,0,78.0
2011,hommes,0,78.4
2012,hommes,0,78.5
2013,hommes,0,78.8
2014,hommes,0,79.3
2015,hommes,0,79.0
2016,hommes,0,79.3
2017,hommes,0,79.5
2018,hommes,0,79.6
2019,hommes,0,79.8
2020,hommes,0,79.2
2021,hommes,0,79.3
2022,hommes,0,79.4
2023,hommes,0,80.1
2024,hommes,0,80.3
2025,hommes,0,80.4
1946,hommes,1,64.4
1947,hommes,1,65.3
1948,hommes,1,65.9
1949,hommes,1,65.5
1950,hommes,1,66.2
1951,hommes,1,65.9
1952,hommes,1,66.8
1953,hommes,1,66.4
1954,hommes,1,67.1
1955,hommes,1,67.1
1956,hommes,1,66.9
1957,hommes,1,67.0
1958,hommes,1,68.3
1959,hommes,1,68.1
1960,hommes,1,68.1
1961,hommes,1,68.5
1962,hommes,1,68.0
1963,hommes,1,67.8
1964,hommes,1,68.5
1965,hommes,1,68.1
1966,hommes,1,68.5
1967,hommes,1,68.4
1968,hommes,1,68.3
1969,hommes,1,67.9
1970,hommes,1,68.8
1971,hommes,1,68.7
1972,hommes,1,68.7
1973,hommes,1,68.9
1974,hommes,1,69.1
1975,hommes,1,69.1
1976,hommes,1,69.2
1977,hommes,1,69.7
1978,hommes,1,69.7
1979,hommes,1,69.9
1980,hommes,1,70.0
1981,hommes,1,70.2
1982,hommes,1,70.5
1983,hommes,1,70.5
1984,hommes,1,70.8
1985,hommes,1,70.9
1986,hommes,1,71.2
1987,hommes,1,71.7
1988,hommes,1,72.0
1989,hommes,1,72.1
1990,hommes,1,72.4
1991,hommes,1,72.5
1992,hommes,1,72.7
1993,hommes,1,72.8
1994,hommes,1,73.2
1995,hommes,1,73.3
1996,hommes,1,73.5
1997,hommes,1,74.0
1998,hommes,1,74.2
1999,hommes,1,74.4
2000,hommes,1,74.7
2001,hommes,1,74.9
2002,hommes,1,75.1
2003,hommes,1,75.2
2004,hommes,1,76.1
2005,hommes,1,76.1
2006,hommes,1,76.5
2007,hommes,1,76.8
2008,hommes,1,76.9
2009,hommes,1,77.1
2010,hommes,1,77.3
2011,hommes,1,77.7
2012,hommes,1,77.8
2013,hommes,1,78.1
2014,hommes,1,78.6
2015,hommes,1,78.3
2016,hommes,1,78.6
2017,hommes,1,78.8
2018,hommes,1,78.9
2019,hommes,1,79.1
2020,hommes,1,78.5
2021,hommes,1,78.6
2022,hommes,1,78.7
2023,hommes,1,79.4
2024,hommes,1,79.6
2025,hommes,1,79.7
1946,hommes,20,48.0
1947,hommes,20,48.4
1948,hommes,20,48.5
1949,hommes,20,48.2
1950,hommes,20,48.7
1951,hommes,20,48.2
1952,hommes,20,49.1
1953,hommes,20,48.6
1954,hommes,20,49.2
1955,hommes,20,49.2
1956,hommes,20,48.9
1957,hommes,20,49.1
1958,hommes,20,50.2
1959,hommes,20,50.1
1960,hommes,20,50.0
1961,hommes,20,50.3
1962,hommes,20,49.9
1963,hommes,20,49.7
1964,hommes,20,50.3
1965,hommes,20,50.0
1966,hommes,20,50.3
1967,hommes,20,50.2
1968,hommes,20,50.2
1969,hommes,20,49.8
1970,hommes,20,50.7
1971,hommes,20,50.5
1972,hommes,20,50.6
1973,hommes,20,50.8
1974,hommes,20,50.9
1975,hommes,20,50.9
1976,hommes,20,50.9
1977,hommes,20,51.4
1978,hommes,20,51.5
1979,hommes,20,51.6
1980,hommes,20,51.8
1981,hommes,20,51.9
1982,hommes,20,52.2
1983,hommes,20,52.1
1984,hommes,20,52.4
1985,hommes,20,52.5
1986,hommes,20,52.8
1987,hommes,20,53.2
1988,hommes,20,53.5
1989,hommes,20,53.6
1990,hommes,20,53.9
1991,hommes,20,54.0
1992,hommes,20,54.2
1993,hommes,20,54.3
1994,hommes,20,54.6
1995,hommes,20,54.7
1996,hommes,20,54.9
1997,hommes,20,55.4
1998,hommes,20,55.5
1999,hommes,20,55.8
2000,hommes,20,56.1
2001,hommes,20,56.3
2002,hommes,20,56.5
2003,hommes,20,56.5
2004,hommes,20,57.4
2005,hommes,20,57.4
2006,hommes,20,57.8
2007,hommes,20,58.0
2008,hommes,20,58.2
2009,hommes,20,58.4
2010,hommes,20,58.6
2011,hommes,20,59.0
2012,hommes,20,59.0
2013,hommes,20,59.3
2014,hommes,20,59.8
2015,hommes,20,59.6
2016,hommes,20,59.8
2017,hommes,20,60.0
2018,hommes,20,60.1
2019,hommes,20,60.3
2020,hommes,20,59.7
2021,hommes,20,59.8
2022,hommes,20,60.0
2023,hommes,20,60.6
2024,hommes,20,60.8
2025,hommes,20,61.0
1946,hommes,40,30.8
1947,hommes,40,30.9
1948,hommes,40,30.9
1949,hommes,40,30.3
1950,hommes,40,30.7
1951,hommes,40,30.2
1952,hommes,40,30.9
1953,hommes,40,30.3
1954,hommes,40,31.0
1955,hommes,40,30.9
1956,hommes,40,30.6
1957,hommes,40,30.8
1958,hommes,40,31.8
1959,hommes,40,31.7
1960,hommes,40,31.5
1961,hommes,40,32.0
1962,hommes,40,31.5
1963,hommes,40,31.2
1964,hommes,40,31.9
1965,hommes,40,31.6
1966,hommes,40,31.9
1967,hommes,40,31.8
1968,hommes,40,31.7
1969,hommes,40,31.4
1970,hommes,40,32.3
1971,hommes,40,32.1
1972,hommes,40,32.3
1973,hommes,40,32.3
1974,hommes,40,32.5
1975,hommes,40,32.4
1976,hommes,40,32.5
1977,hommes,40,33.0
1978,hommes,40,32.9
1979,hommes,40,33.2
1980,hommes,40,33.3
1981,hommes,40,33.4
1982,hommes,40,33.7
1983,hommes,40,33.7
1984,hommes,40,34.0
1985,hommes,40,34.0
1986,hommes,40,34.3
1987,hommes,40,34.7
1988,hommes,40,35.1
1989,hommes,40,35.2
1990,hommes,40,35.5
1991,hommes,40,35.7
1992,hommes,40,35.9
1993,hommes,40,36.0
1994,hommes,40,36.3
1995,hommes,40,36.3
1996,hommes,40,36.4
1997,hommes,40,36.7
1998,hommes,40,36.8
1999,hommes,40,37.0
2000,hommes,40,37.3
2001,hommes,40,37.5
2002,hommes,40,37.6
2003,hommes,40,37.7
2004,hommes,40,38.4
2005,hommes,40,38.4
2006,hommes,40,38.8
2007,hommes,40,39.0
2008,hommes,40,39.2
2009,hommes,40,39.3
2010,hommes,40,39.5
2011,hommes,40,39.9
2012,hommes,40,39.9
2013,hommes,40,40.2
2014,hommes,40,40.6
2015,hommes,40,40.4
2016,hommes,40,40.6
2017,hommes,40,40.8
2018,hommes,40,40.9
2019,hommes,40,41.1
2020,hommes,40,40.5
2021,hommes,40,40.6
2022,hommes,40,40.8
2023,hommes,40,41.5
2024,hommes,40,41.6
2025,hommes,40,41.8
1946,hommes,60,15.4
1947,hommes,60,15.5
1948,hommes,60,15.6
1949,hommes,60,14.9
1950,hommes,60,15.4
1951,hommes,60,14.9
1952,hommes,60,15.5
1953,hommes,60,15.0
1954,hommes,60,15.5
1955,hommes,60,15.4
1956,hommes,60,15.2
1957,hommes,60,15.3
1958,hommes,60,16.0
1959,hommes,60,15.9
1960,hommes,60,15.7
1961,hommes,60,16.1
1962,hommes,60,15.7
1963,hommes,60,15.5
1964,hommes,60,16.0
1965,hommes,60,15.7
1966,hommes,60,16.1
1967,hommes,60,15.9
1968,hommes,60,15.8
1969,hommes,60,15.6
1970,hommes,60,16.2
1971,hommes,60,16.2
1972,hommes,60,16.4
1973,hommes,60,16.4
1974,hommes,60,16.5
1975,hommes,60,16.5
1976,hommes,60,16.6
1977,hommes,60,17.0
1978,hommes,60,17.0
1979,hommes,60,17.2
1980,hommes,60,17.3
1981,hommes,60,17.3
1982,hommes,60,17.7
1983,hommes,60,17.6
1984,hommes,60,17.9
1985,hommes,60,17.9
1986,hommes,60,18.1
1987,hommes,60,18.4
1988,hommes,60,18.7
1989,hommes,60,18.8
1990,hommes,60,19.0
1991,hommes,60,19.2
1992,hommes,60,19.3
1993,hommes,60,19.4
1994,hommes,60,19.7
1995,hommes,60,19.7
1996,hommes,60,19.7
1997,hommes,60,19.9
1998,hommes,60,20.0
1999,hommes,60,20.2
2000,hommes,60,20.5
2001,hommes,60,20.7
2002,hommes,60,20.8
2003,hommes,60,20.8
2004,hommes,60,21.5
2005,hommes,60,21.5
2006,hommes,60,21.8
2007,hommes,60,21.9
2008,hommes,60,22.0
2009,hommes,60,22.2
2010,hommes,60,22.4
2011,hommes,60,22.7
2012,hommes,60,22.6
2013,hommes,60,22.8
2014,hommes,60,23.2
2015,hommes,60,22.9
2016,hommes,60,23.1
2017,hommes,60,23.2
2018,hommes,60,23.3
2019,hommes,60,23.4
2020,hommes,60,22.8
2021,hommes,60,22.9
2022,hommes,60,23.1
2023,hommes,60,23.7
2024,hommes,60,23.9
2025,hommes,60,23.9
